,primary sequence,sPRE,err,resSeq,position
0,Met1,0.0,0.0,1,proximal
1,Gln2,4.02478859408827,0.33722302176339497,2,proximal
2,Ile3,1.34882966737654,0.413077092856303,3,proximal
3,Phe4,5.18051362263004,1.03694312769482,4,proximal
4,Val5,4.74907334410249,0.531050756348674,5,proximal
5,Lys6,0.0,0.0,6,proximal
6,Thr7,2.9049090814583796,0.630002283315752,7,proximal
7,Leu8,5.68566554682996,1.16966895249465,8,proximal
8,Thr9,11.251567033011,0.0,9,proximal
9,Gly10,7.237687073352849,0.7111978183331221,10,proximal
10,Lys11,6.957185003751169,0.271384562561633,11,proximal
11,Thr12,29.5180684240953,2.01104898504199,12,proximal
12,Ile13,5.20240770205916,0.803678766560958,13,proximal
13,Thr14,13.119536403138301,0.558479904221102,14,proximal
14,Leu15,3.46220896043082,0.741890521607316,15,proximal
15,Glu16,5.50378828669652,0.892957240547502,16,proximal
16,Val17,2.16864780986695,1.1451254780431899,17,proximal
17,Glu18,1.27728599033701,0.242221543733036,18,proximal
18,Pro19,0.0,0.0,19,proximal
19,Ser20,4.160010407617491,0.531883234977387,20,proximal
20,Asp21,2.3974585934766,0.0,21,proximal
21,Thr22,3.58748046405785,0.4652468870548321,22,proximal
22,Ile23,3.35721243839747,1.9002222094796801,23,proximal
23,Glu24,0.0,0.0,24,proximal
24,Asn25,3.1441123645308,0.0,25,proximal
25,Val26,2.2884026792919303,1.09616343774309,26,proximal
26,Lys27,1.23378548843795,0.826277303528979,27,proximal
27,Ala28,2.65237679339277,0.300013051986584,28,proximal
28,Lys29,2.5579040705022797,0.4852464626998211,29,proximal
29,Ile30,1.7776029624495802,1.01136050223168,30,proximal
30,Gln31,3.52100964918136,0.419270423528383,31,proximal
31,Asp32,3.86140487970684,0.218015512126514,32,proximal
32,Lys33,4.48472388057325,0.284903816058726,33,proximal
33,Glu34,3.9902633626188,0.0,34,proximal
34,Gly35,7.371281190761009,1.04449139828471,35,proximal
35,Ile36,3.69418180081163,0.407271248393084,36,proximal
36,Pro37,0.0,0.0,37,proximal
37,Pro38,0.0,0.0,38,proximal
38,Asp39,5.68192275651173,0.276024772231598,39,proximal
39,Gln40,4.1512897227302,0.0,40,proximal
40,Gln41,5.41755602835587,0.6224234339359339,41,proximal
41,Arg42,4.88292264508882,0.7685621169653248,42,proximal
42,Leu43,2.3334920758960296,0.6341433855699791,43,proximal
43,Ile44,2.24197565530282,0.423824010727124,44,proximal
44,Phe45,5.07981919522258,0.332238279693981,45,proximal
45,Ala46,13.225301846238501,2.3960715584493704,46,proximal
46,Gly47,21.9747387678325,1.43876480721988,47,proximal
47,Lys48,8.60072915159218,0.7750040323998231,48,proximal
48,Gln49,16.972415391723498,1.05154462670881,49,proximal
49,Leu50,4.2067904964247695,0.7775526647513442,50,proximal
50,Glu51,4.719541987898429,0.308447063850328,51,proximal
51,Asp52,13.817509995977199,0.351469513224819,52,proximal
52,Gly53,0.0,0.0,53,proximal
53,Arg54,3.68052277542404,0.5277104924620399,54,proximal
54,Thr55,2.85322113978709,0.14829311632611497,55,proximal
55,Leu56,1.11270062101268,1.4029572436996103,56,proximal
56,Ser57,2.2043931682252498,0.374488401199238,57,proximal
57,Asp58,3.1078366028604196,0.265718460396901,58,proximal
58,Tyr59,5.73537310506588,0.8370352209856871,59,proximal
59,Asn60,4.8937067469011595,0.411896761558399,60,proximal
60,Ile61,2.98494980990522,0.8793261955964442,61,proximal
61,Gln62,4.32019649805137,1.242008022968,62,proximal
62,Lys63,4.48215505041873,0.327860408116721,63,proximal
63,Glu64,7.019129402704889,1.27158883516076,64,proximal
64,Ser65,4.61646009750577,0.650820867669427,65,proximal
65,Thr66,13.7465384388224,1.3261532333391,66,proximal
66,Leu67,2.8173215699904,0.0,67,proximal
67,His68,2.42004882915707,0.28965999334060305,68,proximal
68,Leu69,2.2344371016752795,0.965672828799313,69,proximal
69,Val70,3.0204283055224104,1.7016487761084802,70,proximal
70,Leu71,9.434616869063479,0.670891705467074,71,proximal
71,Arg72,6.134878093985599,0.0,72,proximal
72,Leu73,17.913143722249398,0.176289584964595,73,proximal
73,Arg74,16.0613223138736,0.790275650410731,74,proximal
74,Gly75,11.773610527697599,1.08726520007889,75,proximal
75,Gly76,18.167215563254,0.0,76,proximal
76,Met1,0.0,0.0,1,distal
77,Gln2,3.67659401129085,3.4977647893488903,2,distal
78,Ile3,2.03877683593419,1.2473978546251798,3,distal
79,Phe4,0.0,0.0,4,distal
80,Val5,2.00930109656374,2.9426301784603397,5,distal
81,Lys6,2.75217278575404,1.10804033122158,6,distal
82,Thr7,6.098118202250401,0.0,7,distal
83,Leu8,2.94922624345896,1.53018589439035,8,distal
84,Thr9,8.38046508538605,0.855337600823175,9,distal
85,Gly10,8.02625180462065,1.10983455459456,10,distal
86,Lys11,9.189942903904539,0.526108263580092,11,distal
87,Thr12,38.4813515787391,3.99246432461574,12,distal
88,Ile13,5.23987677207503,0.6778062189702061,13,distal
89,Thr14,14.5978450321761,1.49003687189029,14,distal
90,Leu15,1.7158794106172999,0.0,15,distal
91,Glu16,4.09534649822408,1.04823698215694,16,distal
92,Val17,0.0,0.0,17,distal
93,Glu18,0.257198080915906,0.476745080583255,18,distal
94,Pro19,0.0,0.0,19,distal
95,Ser20,4.02283098479724,0.98979920339698,20,distal
96,Asp21,1.56182818280281,0.603355634557718,21,distal
97,Thr22,1.56361273588636,0.35246832600291705,22,distal
98,Ile23,4.1542965995159795,2.55627436504554,23,distal
99,Glu24,0.0,0.0,24,distal
100,Asn25,3.6972929036175697,0.8636228205504609,25,distal
101,Val26,0.745695894594367,0.907665308411924,26,distal
102,Lys27,0.0,0.0,27,distal
103,Ala28,1.53062199292568,1.14797943068315,28,distal
104,Lys29,0.5944493376443629,1.47304680791901,29,distal
105,Ile30,0.33897613161232104,1.24823091164179,30,distal
106,Gln31,0.0,0.0,31,distal
107,Asp32,3.51658622610871,0.7082208930817869,32,distal
108,Lys33,4.66667264175514,0.97121955600447,33,distal
109,Glu34,3.8222494768747004,0.0,34,distal
110,Gly35,8.920804144921991,0.989056960461789,35,distal
111,Ile36,4.16929700143833,4.98948784524104,36,distal
112,Pro37,0.0,0.0,37,distal
113,Pro38,0.0,0.0,38,distal
114,Asp39,5.788635488899209,0.356440092419269,39,distal
115,Gln40,2.2669056531276404,1.65409356374152,40,distal
116,Gln41,2.9975455767699803,1.5302507772109,41,distal
117,Arg42,7.40444993325928,1.5376533888135502,42,distal
118,Leu43,2.67593365761847,3.07213401585097,43,distal
119,Ile44,2.33871671836963,0.6392888502771279,44,distal
120,Phe45,3.03832547246312,2.7606076143512897,45,distal
121,Ala46,17.9292393248205,4.04454654203712,46,distal
122,Gly47,25.4481624111377,2.4422077929093,47,distal
123,Lys48,6.35278554461602,0.820447209080833,48,distal
124,Gln49,19.4234299179837,1.9508836543076298,49,distal
125,Leu50,1.69031320421315,1.64203211583436,50,distal
126,Glu51,6.20756601351151,2.19431228956967,51,distal
127,Asp52,15.9154830235845,0.5317851417019811,52,distal
128,Gly53,0.0,0.0,53,distal
129,Arg54,3.9347445068414197,0.897483416010308,54,distal
130,Thr55,1.84484870937429,1.4531948932566001,55,distal
131,Leu56,0.9898152396850001,0.0,56,distal
132,Ser57,1.3103069821841002,0.0,57,distal
133,Asp58,3.31474498640257,0.939477618620415,58,distal
134,Tyr59,4.06382027203721,0.6662566847194289,59,distal
135,Asn60,3.90728356682095,0.5579504335139069,60,distal
136,Ile61,2.18856202849634,1.5847006001846298,61,distal
137,Gln62,5.95353653683193,0.647137113902701,62,distal
138,Lys63,11.8710866765876,1.31858122092136,63,distal
139,Glu64,3.020281782288,0.0,64,distal
140,Ser65,4.75480948730424,0.42240514535255,65,distal
141,Thr66,9.756834054711241,1.60049400286288,66,distal
142,Leu67,3.2523628397002704,2.18734465279456,67,distal
143,His68,2.7146294868913596,1.35054552504417,68,distal
144,Leu69,5.1933209975495895,0.682168161996692,69,distal
145,Val70,2.1102284356354097,1.76170813605906,70,distal
146,Leu71,8.269641063650779,1.18295488895473,71,distal
147,Arg72,0.0,0.0,72,distal
148,Leu73,24.8173996262723,0.956703899160582,73,distal
149,Arg74,22.6514982405426,2.2207977092363302,74,distal
150,Gly75,0.0,0.0,75,distal
151,Gly76,0.0,0.0,76,distal
